date,brand,as_of_date_utc,video_mentions,views,likes,comments,top_channels
2025-09-13,beksul,2025-09-13,1.0,857.0,1.0,2.0,ÌñâÎ≥µÌï† Î∞±Ï°∞Ïùò Í∑ÄÏ¥å ÎùºÏù¥ÌîÑ
2025-09-13,terra beer,2025-09-13,1.0,1238.0,7.0,0.0,midnight bites 
2025-09-13,kyochon,2025-09-13,0.0,0.0,0.0,0.0,
2025-09-13,kooksoondang,2025-09-13,0.0,0.0,0.0,0.0,
2025-09-13,jinro,2025-09-13,0.0,0.0,0.0,0.0,
2025-09-13,jin ramen,2025-09-13,6.0,16324.0,1158.0,19.0,Doni Kim;Angie & Ninay;eyuckin 0604
2025-09-13,havmor,2025-09-13,3.0,1124.0,16.0,6.0,@Simpl√´Corner;Yummy_Yummy;Jeel food vloges 
2025-09-13,emart,2025-09-13,11.0,31044.0,433.0,22.0,ÌïòÎ£®ÏÑ∏ÎÅº daily meals;C√πng ƒêi Vi Vu;Th·ªßy House - Nh√† ƒë·∫πp G√≤ V·∫•p - Qu·∫≠n 12 & Trung t√¢m
2025-09-13,lotte choco pie,2025-09-13,11.0,17789.0,119.0,10.0,Kashvi's life;D K M VLOGS ;HiddenFunFactory
2025-09-13,dongwon tuna,2025-09-13,0.0,0.0,0.0,0.0,
2025-09-13,chilsung,2025-09-13,0.0,0.0,0.0,0.0,
2025-09-13,chapagetti,2025-09-13,7.0,146385.0,5212.0,18.0,Nibbles-ASMR;M√≠a Scherbatsky;M√≠a
2025-09-13,buldak,2025-09-13,218.0,967564.0,26900.0,692.0,Himali Foodie;aimschia;Elizabeth The Polish Mama
2025-09-13,bristol farms,2025-09-13,0.0,0.0,0.0,0.0,
2025-09-13,binggrae,2025-09-13,1.0,997.0,6.0,0.0,K-POP Foods PH
2025-09-13,bibigo,2025-09-13,9.0,2225.0,137.0,118.0,Tela Tv;Auntie Cheryl's Kitchen Manners;Fedha tv show
2025-09-13,daesang,2025-09-13,2.0,30659.0,2649.0,67.0,@its_pankhi;kiyomibaekgu ‚ô°
2025-09-13,toomba,2025-09-13,2.0,21573.0,3114.0,6.0,EIKEIKEAT;Í∞ïÌòúÎùºTV
2025-09-13,lotte mart,2025-09-13,23.0,9121.0,60.0,6.0,Cu·ªôc S·ªëng ·ªü M·ªπ - ti·ªÉu bang New York & Florida;Lovetravel;Nh√† ƒê·∫•t Ng·ªçc H√¢n
2025-09-13,melona,2025-09-13,2.0,15.0,1.0,0.0,AmelLianeüå∫üç≠;Vanilla
2025-09-13,starkist,2025-09-13,1.0,338.0,0.0,0.0,The Big Brian Show
2025-09-13,shin ramen,2025-09-13,19.0,160114.0,4628.0,41.0,EIKEIKEAT;MoneyAnd;Hungry Panda üêº
2025-09-13,sempio,2025-09-13,5.0,32205.0,2501.0,898.0,Ragionevole dubbio;Marco Puggini;EIZEN
2025-09-13,samyang,2025-09-13,78.0,370599.0,16871.0,241.0,KelvanH;Adi Dharma;Tina Mini Cooking
2025-09-13,samlip,2025-09-13,1.0,1506.0,7.0,0.0,LIV_VIEW
2025-09-13,red baron,2025-09-13,11.0,3169.0,104.0,16.0,Old Man Diecast;History Quiz Channel;JGM batm√≥vel
2025-09-13,maxim coffee,2025-09-13,0.0,0.0,0.0,0.0,
2025-09-13,pulmuone,2025-09-13,0.0,0.0,0.0,0.0,
2025-09-13,ottogi,2025-09-13,0.0,0.0,0.0,0.0,
2025-09-13,otoki,2025-09-13,2.0,6711.0,15.0,4.0,Daehee Lee;Otoki Vi·ªát Nam
2025-09-13,orion choco pie,2025-09-13,0.0,0.0,0.0,0.0,
2025-09-13,nongshim,2025-09-13,13.0,121444.0,474.0,15.0,Îã¨Î†§Îùº Î≤ÑÏä§ Dalida Bus;judy kim;BusyGamersOfficial
2025-09-13,neoguri,2025-09-13,3.0,1628.0,17.0,0.0,Instant Noodles Mukbang;Huasma
2025-09-13,milkis,2025-09-13,5.0,6071.0,55.0,19.0,‚òÖùìúùì≤ùìµùì¥ùì≤ùìº‚òÖ;Beta Cooks Mummy Khush ;bloxy_heat
2025-09-13,pepero,2025-09-13,2.0,2322.0,18.0,0.0,Remix tv;The HY
2025-09-10,beksul,2025-09-14,0.0,0.0,0.0,0.0,
2025-09-09,kyochon,2025-09-14,1.0,1560.0,26.0,0.0,Yongry
2025-09-09,kooksoondang,2025-09-14,1.0,5.0,1.0,0.0,Larin Gracie
2025-09-09,jinro,2025-09-14,1.0,1208.0,8.0,1.0,pen sophanny
2025-09-09,jin ramen,2025-09-14,6.0,16652.0,1113.0,14.0,EIKEIKEAT;ArcadeSenseiLive;YUM Eating Mukbang
2025-09-09,havmor,2025-09-14,3.0,1877.0,43.0,1.0,Smiley2023;Nilam ice dish Gola 1;Cravora
2025-09-09,emart,2025-09-14,5.0,1709.0,13.0,2.0,Nt Sen;Hyland_ B√© Hai nh√† ph·ªë HCM.;Buyer's Guide HQ
2025-09-09,lotte choco pie,2025-09-14,10.0,44567.0,288.0,2.0,YUM YUM CHOCOLATE ;Nandhini Vlogs;SWIN CREATIONS
2025-09-09,dongwon tuna,2025-09-14,0.0,0.0,0.0,0.0,
2025-09-09,chilsung,2025-09-14,1.0,12.0,1.0,0.0,Hendra Novi
2025-09-09,chapagetti,2025-09-14,3.0,4149.0,51.0,2.0,Onigiri 2407;Tasty Combos;GG AI ASMR SOUND
2025-09-09,buldak,2025-09-14,175.0,2717661.0,77710.0,1224.0,Jiny Maeng;Khawar Ashor;aimschia
2025-09-09,bristol farms,2025-09-14,0.0,0.0,0.0,0.0,
2025-09-09,binggrae,2025-09-14,3.0,326364.0,7390.0,62.0,Jon's Snacking Time; OR ËØ≠Èü≥ÊéßÂà∂ÂÆ§;K FOOD FIGHTERS
2025-09-09,bibigo,2025-09-14,10.0,26166.0,2467.0,30.0,Ï°∞Ïú®ÌÇπ;ÏÇ¨ÏôúÏÇ¨TV ;Chuck Chews
2025-09-09,daesang,2025-09-14,2.0,26021.0,1045.0,8.0,JONGSUKNEWSS;VALOR BANGPINK (AB)
2025-09-09,lotte mart,2025-09-14,8.0,4471.0,46.0,0.0,LOTTE MART Indonesia;Alsayda humairah;LOTTE MART Vietnam
2025-09-09,maxim coffee,2025-09-14,0.0,0.0,0.0,0.0,
2025-09-09,melona,2025-09-14,6.0,3101.0,41.0,6.0,Mukbangs Be Like;Jahnice Vlog;–ê–ª–µ–∫—Å–∞–Ω–¥—Ä –ß–µ—Ä–Ω—ã—à–µ–≤
2025-09-09,terra beer,2025-09-14,0.0,0.0,0.0,0.0,
2025-09-09,starkist,2025-09-14,0.0,0.0,0.0,0.0,
2025-09-09,shin ramen,2025-09-14,12.0,58336.0,439.0,32.0,Rochelle Cha;Bubble Maan;annie antonio
2025-09-09,sempio,2025-09-14,3.0,26112.0,945.0,201.0,Scopri i segreti dei personaggi famosi;IA DETECTIVE ITALIA;Spettegolando
2025-09-09,samyang,2025-09-14,60.0,451462.0,44856.0,380.0,Nor Ranita;Khaira Khafi Daily;Adi Dharma
2025-09-09,samlip,2025-09-14,0.0,0.0,0.0,0.0,
2025-09-09,red baron,2025-09-14,6.0,3627.0,58.0,26.0,Bloo's Self Reliance;petak gemstone pacitan;TRFxSeries
2025-09-09,pulmuone,2025-09-14,0.0,0.0,0.0,0.0,
2025-09-09,pepero,2025-09-14,9.0,44713.0,3475.0,197.0,El lado izquierdo Espa√±a;FELIX‚ô•Ô∏è LOVES ‚ô•Ô∏è STAYS;Anam khan
2025-09-09,ottogi,2025-09-14,3.0,15624.0,1081.0,8.0,EIKEIKEAT;ryyeoo;Calliah Vlogs
2025-09-09,otoki,2025-09-14,2.0,3908.0,35.0,0.0,Nogometna zveza Slovenije;Melissa's Leisures 
2025-09-09,orion choco pie,2025-09-14,3.0,5593.0,40.0,0.0,marim 012;smeh21vekacom;Stationery Stash Spot 
2025-09-09,nongshim,2025-09-14,10.0,199157.0,1067.0,6.0,Îã¨Î†§Îùº Î≤ÑÏä§ Dalida Bus;LCK Ti·∫øng Vi·ªát;Ond≈ôej Kruml
2025-09-09,neoguri,2025-09-14,1.0,1534.0,12.0,0.0,Orangemiya Ïò§Î†åÏßÄÎØ∏Ïïº
2025-09-09,milkis,2025-09-14,3.0,8254.0,29.0,0.0,SahabatSelamanyaTV;gonniels 7881  üáÆüá©;‚òÜMilkis ‚òÜ
2025-09-12,turtle chips,2025-09-13,1.0,1608.0,7.0,0.0,Pierre and Family Adventures
2025-09-14,toomba,2025-09-14,4.0,443980.0,21611.0,457.0,Stoney Choi;80's Punjabi Songs;Í∞ïÌòúÎùºTV
2025-09-06,buldak,2025-09-09,0.0,0.0,0.0,0.0,
2025-09-06,binggrae,2025-09-09,0.0,0.0,0.0,0.0,
2025-09-06,bibigo,2025-09-09,0.0,0.0,0.0,0.0,
2025-09-05,turtle chips,2025-09-09,0.0,0.0,0.0,0.0,
2025-09-05,toomba,2025-09-09,0.0,0.0,0.0,0.0,
2025-09-05,shin ramen,2025-09-09,0.0,0.0,0.0,0.0,
2025-09-06,chapagetti,2025-09-09,0.0,0.0,0.0,0.0,
2025-09-05,sempio,2025-09-09,0.0,0.0,0.0,0.0,
2025-09-05,red baron,2025-09-09,0.0,0.0,0.0,0.0,
2025-09-05,samyang,2025-09-09,0.0,0.0,0.0,0.0,
2025-09-06,chilsung,2025-09-09,0.0,0.0,0.0,0.0,
2025-09-06,daesang,2025-09-09,0.0,0.0,0.0,0.0,
2025-09-06,emart,2025-09-09,0.0,0.0,0.0,0.0,
2025-09-06,pepero,2025-09-09,0.0,0.0,0.0,0.0,
2025-09-06,ottogi,2025-09-09,0.0,0.0,0.0,0.0,
2025-09-06,otoki,2025-09-09,0.0,0.0,0.0,0.0,
2025-09-06,orion choco pie,2025-09-09,0.0,0.0,0.0,0.0,
2025-09-06,nongshim,2025-09-09,0.0,0.0,0.0,0.0,
2025-09-06,neoguri,2025-09-09,0.0,0.0,0.0,0.0,
2025-09-06,milkis,2025-09-09,0.0,0.0,0.0,0.0,
2025-09-06,melona,2025-09-09,0.0,0.0,0.0,0.0,
2025-09-06,lotte mart,2025-09-09,0.0,0.0,0.0,0.0,
2025-09-06,lotte choco pie,2025-09-09,0.0,0.0,0.0,0.0,
2025-09-06,kyochon,2025-09-09,0.0,0.0,0.0,0.0,
2025-09-06,kooksoondang,2025-09-09,0.0,0.0,0.0,0.0,
2025-09-06,jinro,2025-09-09,0.0,0.0,0.0,0.0,
2025-09-06,jin ramen,2025-09-09,0.0,0.0,0.0,0.0,
2025-09-06,havmor,2025-09-09,0.0,0.0,0.0,0.0,
2025-09-09,nongshim,2025-09-12,10.0,110853.0,641.0,5.0,Îã¨Î†§Îùº Î≤ÑÏä§ Dalida Bus;LCK Ti·∫øng Vi·ªát;Ond≈ôej Kruml
2025-09-08,turtle chips,2025-09-12,0.0,0.0,0.0,0.0,
2025-09-08,toomba,2025-09-12,0.0,0.0,0.0,0.0,
2025-09-08,shin ramen,2025-09-12,0.0,0.0,0.0,0.0,
2025-09-08,sempio,2025-09-12,0.0,0.0,0.0,0.0,
2025-09-08,samyang,2025-09-12,0.0,0.0,0.0,0.0,
2025-09-08,red baron,2025-09-12,0.0,0.0,0.0,0.0,
2025-09-08,pulmuone,2025-09-12,0.0,0.0,0.0,0.0,
2025-09-08,pepero,2025-09-12,0.0,0.0,0.0,0.0,
2025-09-08,ottogi,2025-09-12,0.0,0.0,0.0,0.0,
2025-09-08,otoki,2025-09-12,0.0,0.0,0.0,0.0,
2025-09-08,samlip,2025-09-12,0.0,0.0,0.0,0.0,
2025-09-09,orion choco pie,2025-09-12,3.0,5457.0,40.0,0.0,marim 012;smeh21vekacom;Stationery Stash Spot 
2025-09-09,neoguri,2025-09-12,1.0,1507.0,12.0,0.0,Orangemiya Ïò§Î†åÏßÄÎØ∏Ïïº
2025-09-09,milkis,2025-09-12,3.0,8041.0,29.0,0.0,SahabatSelamanyaTV;gonniels 7881  üáÆüá©;‚òÜMilkis ‚òÜ
2025-09-09,melona,2025-09-12,6.0,3047.0,40.0,6.0,Mukbangs Be Like;Jahnice Vlog;–ê–ª–µ–∫—Å–∞–Ω–¥—Ä –ß–µ—Ä–Ω—ã—à–µ–≤
2025-09-09,maxim coffee,2025-09-12,0.0,0.0,0.0,0.0,
2025-09-09,lotte mart,2025-09-12,8.0,4313.0,40.0,0.0,LOTTE MART Indonesia;Alsayda humairah;LOTTE MART Vietnam
2025-09-09,lotte choco pie,2025-09-12,10.0,42391.0,279.0,2.0,YUM YUM CHOCOLATE ;Nandhini Vlogs;Avinash Patel
2025-09-06,kyochon,2025-09-12,0.0,0.0,0.0,0.0,
2025-09-06,kooksoondang,2025-09-12,0.0,0.0,0.0,0.0,
2025-09-06,jinro,2025-09-12,0.0,0.0,0.0,0.0,
2025-09-06,jin ramen,2025-09-12,0.0,0.0,0.0,0.0,
2025-09-06,havmor,2025-09-12,0.0,0.0,0.0,0.0,
2025-09-06,emart,2025-09-12,0.0,0.0,0.0,0.0,
2025-09-06,dongwon tuna,2025-09-12,0.0,0.0,0.0,0.0,
2025-09-06,daesang,2025-09-12,0.0,0.0,0.0,0.0,
2025-09-06,chilsung,2025-09-12,0.0,0.0,0.0,0.0,
2025-09-06,chapagetti,2025-09-12,0.0,0.0,0.0,0.0,
2025-09-06,bristol farms,2025-09-12,0.0,0.0,0.0,0.0,
2025-09-06,binggrae,2025-09-12,0.0,0.0,0.0,0.0,
2025-09-06,bibigo,2025-09-12,0.0,0.0,0.0,0.0,
2025-09-06,buldak,2025-09-12,0.0,0.0,0.0,0.0,
2025-09-10,neoguri,2025-09-11,0.0,0.0,0.0,0.0,
2025-09-10,milkis,2025-09-11,0.0,0.0,0.0,0.0,
2025-09-10,melona,2025-09-11,0.0,0.0,0.0,0.0,
2025-09-10,maxim coffee,2025-09-11,0.0,0.0,0.0,0.0,
2025-09-10,lotte mart,2025-09-11,0.0,0.0,0.0,0.0,
2025-09-10,lotte choco pie,2025-09-11,0.0,0.0,0.0,0.0,
2025-09-10,nongshim,2025-09-11,0.0,0.0,0.0,0.0,
2025-09-10,kyochon,2025-09-11,0.0,0.0,0.0,0.0,
2025-09-10,jinro,2025-09-11,0.0,0.0,0.0,0.0,
2025-09-10,jin ramen,2025-09-11,0.0,0.0,0.0,0.0,
2025-09-10,havmor,2025-09-11,0.0,0.0,0.0,0.0,
2025-09-10,emart,2025-09-11,0.0,0.0,0.0,0.0,
2025-09-10,dongwon tuna,2025-09-11,0.0,0.0,0.0,0.0,
2025-09-10,kooksoondang,2025-09-11,0.0,0.0,0.0,0.0,
2025-09-10,orion choco pie,2025-09-11,0.0,0.0,0.0,0.0,
2025-09-10,otoki,2025-09-11,0.0,0.0,0.0,0.0,
2025-09-10,ottogi,2025-09-11,0.0,0.0,0.0,0.0,
2025-09-11,daesang,2025-09-11,2.0,969.0,33.0,0.0,Justinseagulpaprika97;nitin vlogr
2025-09-11,chilsung,2025-09-11,0.0,0.0,0.0,0.0,
2025-09-11,chapagetti,2025-09-11,2.0,1425.0,17.0,2.0,YunkongÏú§ÏΩ©;Eat With Kitten Kitten Li
2025-09-11,buldak,2025-09-11,180.0,384038.0,12088.0,532.0,ÎñµÍ∞úÎñµ;Curious2Know;Janie DeVours
2025-09-11,bristol farms,2025-09-11,1.0,386.0,5.0,0.0,Cat
2025-09-11,binggrae,2025-09-11,1.0,271.0,3.0,2.0,K FOOD FIGHTERS
2025-09-11,bibigo,2025-09-11,5.0,2699.0,157.0,1.0,ÏÇ¨ÏôúÏÇ¨TV ;KRiSTiNAJAY;VƒÉn Nh√¢n
2025-09-10,turtle chips,2025-09-11,0.0,0.0,0.0,0.0,
2025-09-10,toomba,2025-09-11,0.0,0.0,0.0,0.0,
2025-09-10,shin ramen,2025-09-11,0.0,0.0,0.0,0.0,
2025-09-10,samyang,2025-09-11,0.0,0.0,0.0,0.0,
2025-09-10,red baron,2025-09-11,0.0,0.0,0.0,0.0,
2025-09-10,pulmuone,2025-09-11,0.0,0.0,0.0,0.0,
2025-09-10,pepero,2025-09-11,0.0,0.0,0.0,0.0,
2025-09-07,sempio,2025-09-11,0.0,0.0,0.0,0.0,
2025-09-14,turtle chips,2025-09-14,1.0,679.0,3.0,0.0,Marilyn Pou
